userId,content,creationDate
1505,"Today's weather is amazing, perfect for a walk!",2025-02-28 16:00:00
1677,"Thinking about upgrading my car, any suggestions?",2025-02-28 16:00:00
1666,Retro games have such a unique charm.,2024-02-18 08:52:37
1648,"Looking for a good RPG to play, any ideas?",2024-06-05 05:15:33
1747,"Today's weather is amazing, perfect for a walk!",2024-11-18 07:18:56
1379,"Planning my next trip, any must-visit places?",2024-07-10 12:45:07
1509,"Finally beat the final boss, what a challenge!",2025-01-02 06:32:34
1791,"Planning my next trip, any must-visit places?",2024-05-20 02:32:21
1258,Traveling opens the mind and the heart.,2024-10-09 11:54:09
1992,"Sunny and warm, a great day to be outside!",2025-02-28 16:00:00
1521,"Just got the latest gadget, it's mind-blowing!",2024-07-24 13:33:01
1096,Cybersecurity is more important than ever these days.,2024-09-12 03:30:13
1179,"AI is advancing so fast, it's incredible to witness.",2025-02-28 16:00:00
1241,"Can't wait for the finals, it's going to be epic.",2024-07-17 00:21:50
1937,This novel completely changed my perspective on life.,2025-02-28 16:00:00
1521,What a game last night! Incredible performance.,2025-02-28 16:00:00
1790,Retro games have such a unique charm.,2025-02-28 16:00:00
1200,"Can't wait for the finals, it's going to be epic.",2025-02-28 16:00:00
1677,It's raining again... time for a hot coffee.,2025-02-28 16:00:00
1641,"Looking for book recommendations, any suggestions?",2025-02-28 16:00:00
1937,"Today's weather is amazing, perfect for a walk!",2024-02-07 09:27:39
1677,"Looking for a good RPG to play, any ideas?",2025-02-28 16:00:00
1747,This novel completely changed my perspective on life.,2024-07-05 23:51:10
1690,"Just got back from an amazing trip, unforgettable experience!",2025-02-28 16:00:00
1204,"Looking for a good RPG to play, any ideas?",2024-06-04 19:34:35
1437,"Started training for my first marathon, wish me luck!",2025-01-31 09:43:08
1433,"Just finished an amazing book, highly recommend it!",2025-02-28 16:00:00
1149,It's raining again... time for a hot coffee.,2025-02-28 16:00:00
1378,Classic cars have such a unique charm.,2024-02-07 15:41:57
1849,This novel completely changed my perspective on life.,2024-03-03 00:23:21
1849,"Planning my next trip, any must-visit places?",2024-06-13 02:05:00
1897,"Looking for a good RPG to play, any ideas?",2025-02-28 16:00:00
1975,"Test drove a new electric car, super smooth ride.",2024-12-13 11:34:40
1437,It's raining again... time for a hot coffee.,2024-05-21 11:09:09
1747,"Thinking about upgrading my car, any suggestions?",2024-01-28 07:30:23
1525,"Just got back from an amazing trip, unforgettable experience!",2025-02-28 16:00:00
1975,This novel completely changed my perspective on life.,2025-02-28 16:00:00
1711,Exploring new cultures is always so fascinating.,2025-01-20 19:25:57
1983,"Sunny and warm, a great day to be outside!",2024-05-06 00:37:37
1655,Classic cars have such a unique charm.,2025-02-28 16:00:00
1205,"Finally beat the final boss, what a challenge!",2024-05-02 14:50:58
1258,"Started training for my first marathon, wish me luck!",2024-06-19 05:54:07
1105,Who else is excited for the new season?,2025-01-24 11:45:33
1570,Road trips are the best part of owning a car.,2025-02-28 16:00:00
1378,Multiplayer gaming nights are the best!,2024-10-22 06:15:13
1955,Nothing beats a good book on a rainy day.,2024-02-23 09:00:54
1120,Nothing beats a good book on a rainy day.,2025-02-28 16:00:00
1521,"Started training for my first marathon, wish me luck!",2024-05-21 23:06:10
1379,Nothing beats a good book on a rainy day.,2024-08-04 09:28:43
1966,"The storm last night was intense, hope everyone is safe.",2024-11-18 10:30:54
1184,Who else is excited for the new season?,2025-02-28 16:00:00
2000,This novel completely changed my perspective on life.,2025-02-28 16:00:00
1966,"Started training for my first marathon, wish me luck!",2025-02-28 16:00:00
1351,Classic cars have such a unique charm.,2025-02-28 16:00:00
1650,"Just got the latest gadget, it's mind-blowing!",2024-10-04 12:39:04
1849,Who else is excited for the new season?,2024-03-15 14:37:52
1915,"Today's weather is amazing, perfect for a walk!",2024-01-22 21:38:44
1525,Exploring new cultures is always so fascinating.,2024-08-25 05:33:21
1105,"Looking for book recommendations, any suggestions?",2025-02-28 16:00:00
1595,Traveling opens the mind and the heart.,2024-10-10 10:11:17
1889,"Planning my next trip, any must-visit places?",2024-03-22 20:49:16
1424,"Test drove a new electric car, super smooth ride.",2024-10-19 10:20:18
1992,"Sunny and warm, a great day to be outside!",2025-02-28 16:00:00
1437,Multiplayer gaming nights are the best!,2024-04-11 05:42:34
1252,"Planning my next trip, any must-visit places?",2025-02-28 16:00:00
1911,"Test drove a new electric car, super smooth ride.",2025-02-28 16:00:00
1789,"Started training for my first marathon, wish me luck!",2024-01-14 06:04:55
1225,"Just got the latest gadget, it's mind-blowing!",2025-02-28 16:00:00
1642,What a game last night! Incredible performance.,2025-02-28 16:00:00
1877,Exploring new cultures is always so fascinating.,2025-02-28 16:00:00
1747,Cybersecurity is more important than ever these days.,2025-02-28 16:00:00
1277,"Today's weather is amazing, perfect for a walk!",2024-03-17 09:20:49
1378,Nothing beats a good book on a rainy day.,2025-02-28 16:00:00
1595,"Just finished an amazing book, highly recommend it!",2025-02-28 16:00:00
1351,Road trips are the best part of owning a car.,2025-02-28 16:00:00
1993,"Just finished an amazing book, highly recommend it!",2025-02-28 16:00:00
1983,"Just got the latest gadget, it's mind-blowing!",2024-03-14 12:25:34
1867,"Can't wait for the finals, it's going to be epic.",2025-02-28 16:00:00
1965,"AI is advancing so fast, it's incredible to witness.",2025-02-28 16:00:00
1179,Classic cars have such a unique charm.,2025-02-28 16:00:00
1179,"The storm last night was intense, hope everyone is safe.",2024-07-05 04:05:20
1399,"Looking for book recommendations, any suggestions?",2025-02-28 16:00:00
1911,Exploring new cultures is always so fascinating.,2024-06-23 01:57:33
1983,It's raining again... time for a hot coffee.,2024-04-25 05:12:40
1410,It's raining again... time for a hot coffee.,2024-03-20 05:28:06
1171,Retro games have such a unique charm.,2024-02-07 15:34:00
1849,"Just finished an amazing book, highly recommend it!",2024-02-05 04:30:19
1353,Cybersecurity is more important than ever these days.,2025-02-28 16:00:00
2000,Nothing beats a good book on a rainy day.,2025-02-28 16:00:00
1525,What a game last night! Incredible performance.,2024-05-21 06:31:01
1911,Road trips are the best part of owning a car.,2025-02-28 16:00:00
1179,"Sunny and warm, a great day to be outside!",2024-01-14 03:22:29
1056,Cybersecurity is more important than ever these days.,2025-02-28 16:00:00
2000,"Can't wait for the finals, it's going to be epic.",2025-01-08 22:48:40
1258,"Can't wait for the finals, it's going to be epic.",2024-04-15 10:54:44
1424,"Today's weather is amazing, perfect for a walk!",2024-01-16 16:32:40
1200,"Planning my next trip, any must-visit places?",2025-02-28 16:00:00
1889,"Just got the latest gadget, it's mind-blowing!",2024-01-25 08:56:20
1480,"Planning my next trip, any must-visit places?",2025-02-28 16:00:00
1204,"Can't wait for the finals, it's going to be epic.",2025-02-28 16:00:00
1170,"Started training for my first marathon, wish me luck!",2024-06-01 21:27:13
1171,Classic cars have such a unique charm.,2024-02-15 16:28:08
1937,"Started training for my first marathon, wish me luck!",2025-02-28 16:00:00
1791,"AI is advancing so fast, it's incredible to witness.",2024-04-02 01:30:23
1419,Traveling opens the mind and the heart.,2024-07-10 06:05:46
1171,"Test drove a new electric car, super smooth ride.",2024-03-13 00:26:19
1191,"Today's weather is amazing, perfect for a walk!",2024-01-19 18:08:23
1648,Road trips are the best part of owning a car.,2025-02-28 16:00:00
1179,"Sunny and warm, a great day to be outside!",2024-06-26 03:37:47
1105,"Just finished an amazing book, highly recommend it!",2025-02-28 16:00:00
1790,"Just got back from an amazing trip, unforgettable experience!",2024-10-05 16:59:16
1525,"The storm last night was intense, hope everyone is safe.",2024-08-08 05:17:13
1677,Nothing beats a good book on a rainy day.,2024-05-05 03:44:17
1200,Exploring new cultures is always so fascinating.,2024-06-23 11:58:55
1191,It's raining again... time for a hot coffee.,2024-08-11 00:32:49
1424,Road trips are the best part of owning a car.,2025-02-28 16:00:00
1258,Exploring new cultures is always so fascinating.,2025-02-22 15:30:13
1075,"Planning my next trip, any must-visit places?",2024-02-18 23:44:56
1775,It's raining again... time for a hot coffee.,2024-02-02 08:31:26
1666,Road trips are the best part of owning a car.,2024-03-14 12:59:31
1677,It's raining again... time for a hot coffee.,2025-02-28 16:00:00
1179,Traveling opens the mind and the heart.,2024-11-01 21:44:54
1075,"Can't wait for the finals, it's going to be epic.",2024-06-02 00:26:11
1547,"AI is advancing so fast, it's incredible to witness.",2025-02-28 16:00:00
1547,Multiplayer gaming nights are the best!,2024-09-05 20:19:03
1975,Cybersecurity is more important than ever these days.,2024-03-21 07:01:45
1867,Cybersecurity is more important than ever these days.,2024-08-06 13:07:59
1353,Road trips are the best part of owning a car.,2024-05-16 09:53:02
1663,This novel completely changed my perspective on life.,2024-09-25 03:04:06
1650,"Thinking about upgrading my car, any suggestions?",2024-09-21 12:12:46
1145,Multiplayer gaming nights are the best!,2025-02-28 16:00:00
1204,"Sunny and warm, a great day to be outside!",2025-02-28 16:00:00
1378,"Planning my next trip, any must-visit places?",2025-02-28 16:00:00
1277,"Looking for book recommendations, any suggestions?",2024-05-10 23:53:34
1184,Cybersecurity is more important than ever these days.,2025-02-28 16:00:00
1655,"Looking for book recommendations, any suggestions?",2024-09-06 13:10:58
1546,"Looking for a good RPG to play, any ideas?",2024-06-05 15:13:10
1241,Cybersecurity is more important than ever these days.,2024-02-03 19:49:56
1426,Exploring new cultures is always so fascinating.,2024-08-20 07:29:31
1056,Traveling opens the mind and the heart.,2024-02-22 07:14:53
1353,Who else is excited for the new season?,2024-12-08 13:06:20
1419,Nothing beats a good book on a rainy day.,2024-03-29 17:48:59
1184,"Finally beat the final boss, what a challenge!",2024-12-25 03:36:21
1480,"Just got the latest gadget, it's mind-blowing!",2025-02-28 16:00:00
1975,"Today's weather is amazing, perfect for a walk!",2025-01-31 04:38:08
1379,"Finally beat the final boss, what a challenge!",2024-07-12 19:19:06
1424,This novel completely changed my perspective on life.,2024-10-04 15:59:11
1525,Exploring new cultures is always so fascinating.,2024-04-04 03:23:46
1791,"Today's weather is amazing, perfect for a walk!",2024-03-12 06:06:04
1321,Multiplayer gaming nights are the best!,2025-02-28 16:00:00
1321,Exploring new cultures is always so fascinating.,2025-02-28 16:00:00
1333,"Started training for my first marathon, wish me luck!",2024-08-21 20:28:36
2000,Traveling opens the mind and the heart.,2024-03-29 18:12:56
1204,"The storm last night was intense, hope everyone is safe.",2025-02-28 16:00:00
1747,It's raining again... time for a hot coffee.,2024-05-31 02:38:38
1307,"Thinking about upgrading my car, any suggestions?",2024-04-14 15:08:59
1979,"Just got back from an amazing trip, unforgettable experience!",2025-02-16 12:46:38
1747,Multiplayer gaming nights are the best!,2025-02-28 16:00:00
1965,"Trying out a new programming language, fun experience!",2025-02-28 16:00:00
2000,Exploring new cultures is always so fascinating.,2025-02-28 16:00:00
1992,"Looking for a good RPG to play, any ideas?",2024-01-28 12:27:43
1525,"Looking for a good RPG to play, any ideas?",2025-01-01 15:51:09
1500,"AI is advancing so fast, it's incredible to witness.",2024-06-24 09:29:08
1568,"Today's weather is amazing, perfect for a walk!",2024-05-20 02:31:17
1907,Road trips are the best part of owning a car.,2025-02-04 18:55:24
1480,"Today's weather is amazing, perfect for a walk!",2025-02-28 16:00:00
1168,Exploring new cultures is always so fascinating.,2024-02-29 06:41:39
1650,Road trips are the best part of owning a car.,2025-02-28 16:00:00
1979,"Looking for a good RPG to play, any ideas?",2024-05-21 23:42:24
1200,"Today's weather is amazing, perfect for a walk!",2024-08-14 11:36:24
1252,"Can't wait for the finals, it's going to be epic.",2025-02-28 16:00:00
1525,"Can't wait for the finals, it's going to be epic.",2024-01-02 07:28:22
1271,Exploring new cultures is always so fascinating.,2024-01-30 16:54:01
1525,Who else is excited for the new season?,2024-05-16 18:27:01
1568,Multiplayer gaming nights are the best!,2024-03-01 21:57:33
1663,"AI is advancing so fast, it's incredible to witness.",2025-02-22 21:13:37
1258,"The storm last night was intense, hope everyone is safe.",2025-02-28 16:00:00
1241,Retro games have such a unique charm.,2024-02-13 23:50:55
1480,"Just finished an amazing book, highly recommend it!",2025-02-28 16:00:00
1515,"Just got the latest gadget, it's mind-blowing!",2025-01-01 07:59:04
2000,"AI is advancing so fast, it's incredible to witness.",2024-03-15 07:00:09
1184,"Planning my next trip, any must-visit places?",2024-10-29 19:54:08
1938,Exploring new cultures is always so fascinating.,2024-07-26 12:12:20
1525,"Can't wait for the finals, it's going to be epic.",2025-02-28 16:00:00
1500,"Planning my next trip, any must-visit places?",2025-02-28 16:00:00
1527,"Finally beat the final boss, what a challenge!",2024-02-05 07:21:27
1277,Cybersecurity is more important than ever these days.,2024-10-10 09:14:37
1209,"Today's weather is amazing, perfect for a walk!",2025-02-28 16:00:00
1677,Road trips are the best part of owning a car.,2025-02-28 16:00:00
1910,"Started training for my first marathon, wish me luck!",2024-10-08 18:29:33
1437,"Trying out a new programming language, fun experience!",2025-02-28 16:00:00
1775,"Just got the latest gadget, it's mind-blowing!",2025-01-23 06:22:10
1184,"Today's weather is amazing, perfect for a walk!",2025-02-28 16:00:00
1789,"Looking for book recommendations, any suggestions?",2025-02-28 16:00:00
1509,"Sunny and warm, a great day to be outside!",2024-09-17 17:46:08
1184,This novel completely changed my perspective on life.,2024-10-14 08:26:28
1645,Exploring new cultures is always so fascinating.,2025-02-28 16:00:00
1179,"Planning my next trip, any must-visit places?",2024-10-20 22:21:54
1470,Classic cars have such a unique charm.,2025-02-28 16:00:00
1161,"Thinking about upgrading my car, any suggestions?",2024-11-06 19:45:35
1252,"Today's weather is amazing, perfect for a walk!",2025-02-28 16:00:00
1200,Traveling opens the mind and the heart.,2024-03-05 07:11:37
2000,Classic cars have such a unique charm.,2025-02-28 16:00:00
1791,What a game last night! Incredible performance.,2024-02-26 00:56:33
1911,"Sunny and warm, a great day to be outside!",2024-09-29 03:30:26
1547,Classic cars have such a unique charm.,2024-02-25 08:16:08
1353,"The storm last night was intense, hope everyone is safe.",2024-01-04 12:23:24
1983,It's raining again... time for a hot coffee.,2024-09-01 02:12:58
1791,"Test drove a new electric car, super smooth ride.",2024-11-27 10:22:14
1937,Retro games have such a unique charm.,2024-03-21 17:14:38
1856,"Thinking about upgrading my car, any suggestions?",2025-02-03 00:41:30
1353,"Just finished an amazing book, highly recommend it!",2024-04-03 11:26:11
2000,Multiplayer gaming nights are the best!,2025-02-28 16:00:00
1983,Cybersecurity is more important than ever these days.,2024-08-13 14:24:37
1992,"Today's weather is amazing, perfect for a walk!",2024-01-28 17:52:05
1670,"Looking for book recommendations, any suggestions?",2024-09-20 04:50:31
1241,Exploring new cultures is always so fascinating.,2024-01-02 21:40:11
1568,"Can't wait for the finals, it's going to be epic.",2025-01-12 15:13:49
1992,Retro games have such a unique charm.,2025-02-28 16:00:00
1171,Cybersecurity is more important than ever these days.,2025-02-28 16:00:00
1983,Retro games have such a unique charm.,2025-02-28 16:00:00
1849,Retro games have such a unique charm.,2024-02-03 23:17:40
1791,This novel completely changed my perspective on life.,2024-04-18 12:27:54
1419,"Looking for a good RPG to play, any ideas?",2025-02-28 16:00:00
1775,This novel completely changed my perspective on life.,2025-02-28 16:00:00
1806,"Looking for a good RPG to play, any ideas?",2025-01-10 22:14:01
1161,"Just finished an amazing book, highly recommend it!",2024-10-12 15:29:08
1271,"Just got the latest gadget, it's mind-blowing!",2024-07-11 09:30:00
1061,"Thinking about upgrading my car, any suggestions?",2025-02-28 16:00:00
1791,"Thinking about upgrading my car, any suggestions?",2024-02-27 05:40:50
1789,Nothing beats a good book on a rainy day.,2024-11-14 23:31:21
1353,Retro games have such a unique charm.,2024-01-13 11:34:45
1351,"Trying out a new programming language, fun experience!",2024-11-06 19:21:41
1677,"Sunny and warm, a great day to be outside!",2024-02-23 09:26:56
1849,"Started training for my first marathon, wish me luck!",2024-04-25 19:37:36
1258,Classic cars have such a unique charm.,2024-12-12 08:46:39
1947,"Looking for book recommendations, any suggestions?",2025-02-28 16:00:00
1966,Retro games have such a unique charm.,2025-02-28 16:00:00
1470,"Finally beat the final boss, what a challenge!",2025-02-28 16:00:00
1225,"Just got back from an amazing trip, unforgettable experience!",2025-02-28 16:00:00
1677,Road trips are the best part of owning a car.,2024-07-21 06:35:00
1677,"Finally beat the final boss, what a challenge!",2024-02-02 04:32:22
1677,Retro games have such a unique charm.,2025-02-28 16:00:00
1277,"Looking for book recommendations, any suggestions?",2025-02-28 16:00:00
1145,Who else is excited for the new season?,2024-11-07 23:15:59
1184,"Planning my next trip, any must-visit places?",2025-02-28 16:00:00
1424,"Looking for a good RPG to play, any ideas?",2025-02-28 16:00:00
1521,What a game last night! Incredible performance.,2024-05-12 11:30:37
1790,Traveling opens the mind and the heart.,2025-02-28 16:00:00
1179,"Just got the latest gadget, it's mind-blowing!",2025-02-28 16:00:00
2000,Nothing beats a good book on a rainy day.,2025-02-28 16:00:00
1897,"Can't wait for the finals, it's going to be epic.",2025-02-28 16:00:00
1965,Cybersecurity is more important than ever these days.,2025-02-01 02:49:17
1321,Classic cars have such a unique charm.,2025-02-28 16:00:00
1790,Classic cars have such a unique charm.,2024-07-19 09:29:33
1434,"Sunny and warm, a great day to be outside!",2025-02-28 16:00:00
1378,"Just got the latest gadget, it's mind-blowing!",2025-02-28 16:00:00
1353,"Today's weather is amazing, perfect for a walk!",2025-02-28 16:00:00
1209,"Finally beat the final boss, what a challenge!",2024-01-04 00:42:43
2000,"Planning my next trip, any must-visit places?",2024-01-29 18:12:22
1056,This novel completely changed my perspective on life.,2025-02-28 16:00:00
1677,"Finally beat the final boss, what a challenge!",2025-02-28 16:00:00
1369,"Test drove a new electric car, super smooth ride.",2025-02-28 16:00:00
1975,What a game last night! Incredible performance.,2024-04-06 17:54:21
1444,Multiplayer gaming nights are the best!,2024-03-06 08:49:24
1983,This novel completely changed my perspective on life.,2025-02-28 16:00:00
1677,"Trying out a new programming language, fun experience!",2025-02-28 16:00:00
1966,Who else is excited for the new season?,2024-08-26 13:54:43
1642,Nothing beats a good book on a rainy day.,2025-02-28 16:00:00
1677,Traveling opens the mind and the heart.,2024-09-18 08:53:59
1120,"AI is advancing so fast, it's incredible to witness.",2024-03-31 02:35:09
1314,Nothing beats a good book on a rainy day.,2025-02-28 16:00:00
1666,"Finally beat the final boss, what a challenge!",2025-02-28 16:00:00
1351,It's raining again... time for a hot coffee.,2024-05-06 22:54:07
1571,"Test drove a new electric car, super smooth ride.",2025-02-28 16:00:00
1161,"Just finished an amazing book, highly recommend it!",2024-01-05 08:33:20
1399,"Sunny and warm, a great day to be outside!",2025-02-28 16:00:00
1947,Who else is excited for the new season?,2025-02-28 16:00:00
1983,"Trying out a new programming language, fun experience!",2024-11-21 03:54:44
1075,Cybersecurity is more important than ever these days.,2024-09-20 03:42:10
1657,"Finally beat the final boss, what a challenge!",2024-01-11 00:44:24
1204,"The storm last night was intense, hope everyone is safe.",2025-01-14 19:58:18
1595,"The storm last night was intense, hope everyone is safe.",2024-08-23 20:24:38
1209,Cybersecurity is more important than ever these days.,2025-01-12 11:40:03
1184,What a game last night! Incredible performance.,2025-02-28 16:00:00
1379,"Can't wait for the finals, it's going to be epic.",2024-04-24 10:03:07
1677,"Just got the latest gadget, it's mind-blowing!",2025-02-28 16:00:00
1663,"Just finished an amazing book, highly recommend it!",2024-04-24 23:36:49
1937,"Test drove a new electric car, super smooth ride.",2025-02-28 16:00:00
1433,"Today's weather is amazing, perfect for a walk!",2025-02-28 16:00:00
1061,Exploring new cultures is always so fascinating.,2025-02-28 16:00:00
1992,"Planning my next trip, any must-visit places?",2024-03-02 11:24:28
1806,Cybersecurity is more important than ever these days.,2024-01-11 05:16:11
1169,"Just finished an amazing book, highly recommend it!",2024-03-29 10:35:17
1897,"Test drove a new electric car, super smooth ride.",2024-08-29 07:26:23
1955,Traveling opens the mind and the heart.,2025-02-26 12:09:26
1316,"Just finished an amazing book, highly recommend it!",2024-03-06 02:46:31
1333,"Test drove a new electric car, super smooth ride.",2024-09-23 00:37:37
1410,"Looking for a good RPG to play, any ideas?",2025-02-28 16:00:00
1470,What a game last night! Incredible performance.,2025-02-28 16:00:00
1849,What a game last night! Incredible performance.,2024-09-25 11:08:40
1470,What a game last night! Incredible performance.,2024-06-02 16:57:37
1424,"Just finished an amazing book, highly recommend it!",2024-06-19 13:15:18
1515,"Planning my next trip, any must-visit places?",2025-02-28 16:00:00
1937,"Today's weather is amazing, perfect for a walk!",2024-06-25 18:46:38
1965,"Looking for a good RPG to play, any ideas?",2025-02-28 16:00:00
1353,"The storm last night was intense, hope everyone is safe.",2024-11-12 19:47:50
1911,This novel completely changed my perspective on life.,2024-03-16 13:04:04
1191,Exploring new cultures is always so fascinating.,2024-06-11 20:30:20
1666,Exploring new cultures is always so fascinating.,2024-11-05 03:21:42
1618,It's raining again... time for a hot coffee.,2024-08-01 14:31:17
1184,"Started training for my first marathon, wish me luck!",2025-02-28 16:00:00
1747,Nothing beats a good book on a rainy day.,2024-11-25 20:52:28
1791,"Finally beat the final boss, what a challenge!",2024-07-22 00:08:15
1184,"Looking for book recommendations, any suggestions?",2024-07-23 08:34:32
1629,"Today's weather is amazing, perfect for a walk!",2024-04-07 14:15:31
1570,"Started training for my first marathon, wish me luck!",2025-02-28 16:00:00
1191,"The storm last night was intense, hope everyone is safe.",2024-01-08 18:36:18
1257,"Looking for a good RPG to play, any ideas?",2025-02-28 16:00:00
1351,"Just finished an amazing book, highly recommend it!",2025-02-28 16:00:00
1791,"AI is advancing so fast, it's incredible to witness.",2025-02-28 16:00:00
1236,"The storm last night was intense, hope everyone is safe.",2025-02-28 16:00:00
1424,"Just finished an amazing book, highly recommend it!",2024-12-05 14:47:09
1873,"Looking for book recommendations, any suggestions?",2025-02-28 16:00:00
1983,Traveling opens the mind and the heart.,2024-10-11 04:27:59
1832,"Planning my next trip, any must-visit places?",2025-02-28 16:00:00
1791,Traveling opens the mind and the heart.,2024-01-19 01:34:07
1241,"Test drove a new electric car, super smooth ride.",2024-01-01 20:23:37
1314,Who else is excited for the new season?,2024-05-17 12:23:31
1568,What a game last night! Incredible performance.,2024-03-19 18:31:29
1645,Retro games have such a unique charm.,2025-02-28 16:00:00
1191,"Planning my next trip, any must-visit places?",2024-03-04 07:36:08
1191,Who else is excited for the new season?,2024-12-10 23:15:31
1351,"AI is advancing so fast, it's incredible to witness.",2024-02-07 01:48:34
1437,Retro games have such a unique charm.,2024-03-16 09:39:56
1937,Road trips are the best part of owning a car.,2024-04-25 17:02:40
1241,Multiplayer gaming nights are the best!,2025-02-28 16:00:00
1547,"Just got the latest gadget, it's mind-blowing!",2025-02-28 16:00:00
1445,"Planning my next trip, any must-visit places?",2024-03-15 09:04:35
1806,Road trips are the best part of owning a car.,2025-02-28 16:00:00
1419,Who else is excited for the new season?,2024-03-04 10:51:24
1225,"Finally beat the final boss, what a challenge!",2025-02-28 16:00:00
1277,It's raining again... time for a hot coffee.,2025-02-28 16:00:00
1169,It's raining again... time for a hot coffee.,2024-12-24 23:09:37
1445,"Finally beat the final boss, what a challenge!",2024-08-11 11:55:40
1575,"Can't wait for the finals, it's going to be epic.",2025-02-28 16:00:00
1378,"Test drove a new electric car, super smooth ride.",2024-02-17 02:45:28
1955,"Can't wait for the finals, it's going to be epic.",2024-02-25 09:11:12
1849,"The storm last night was intense, hope everyone is safe.",2024-07-24 03:33:45
1677,"Started training for my first marathon, wish me luck!",2025-02-28 16:00:00
1241,It's raining again... time for a hot coffee.,2024-06-15 08:56:02
1056,Who else is excited for the new season?,2025-02-28 16:00:00
1546,"Looking for a good RPG to play, any ideas?",2024-01-10 04:07:26
1399,"Looking for a good RPG to play, any ideas?",2025-02-28 16:00:00
1747,Cybersecurity is more important than ever these days.,2025-02-28 16:00:00
1648,"Trying out a new programming language, fun experience!",2024-10-03 09:20:16
1271,"Looking for book recommendations, any suggestions?",2024-05-08 05:04:52
1911,"Thinking about upgrading my car, any suggestions?",2024-05-06 08:20:41
1378,"Just finished an amazing book, highly recommend it!",2025-02-04 05:02:32
1351,"AI is advancing so fast, it's incredible to witness.",2025-02-01 21:27:29
1979,"Just got back from an amazing trip, unforgettable experience!",2024-02-28 11:34:41
1191,Multiplayer gaming nights are the best!,2024-05-16 14:48:57
1789,"Today's weather is amazing, perfect for a walk!",2025-02-28 16:00:00
1849,"Trying out a new programming language, fun experience!",2025-02-28 16:00:00
1992,"Just got back from an amazing trip, unforgettable experience!",2024-08-22 18:05:25
1677,Multiplayer gaming nights are the best!,2024-01-16 03:36:13
1378,"Just got back from an amazing trip, unforgettable experience!",2025-02-28 16:00:00
1426,"Looking for a good RPG to play, any ideas?",2024-09-17 22:14:27
1915,Cybersecurity is more important than ever these days.,2024-05-04 17:43:38
1775,It's raining again... time for a hot coffee.,2024-09-17 13:06:33
2000,Cybersecurity is more important than ever these days.,2025-02-28 16:00:00
2000,Who else is excited for the new season?,2024-02-17 12:20:08
1897,Multiplayer gaming nights are the best!,2024-10-16 20:35:23
1937,"Today's weather is amazing, perfect for a walk!",2024-04-14 08:25:56
1424,Retro games have such a unique charm.,2025-02-28 16:00:00
1307,Who else is excited for the new season?,2025-02-28 16:00:00
1096,Who else is excited for the new season?,2024-01-17 04:39:13
1525,Road trips are the best part of owning a car.,2024-03-21 07:59:21
1525,"Today's weather is amazing, perfect for a walk!",2025-02-28 16:00:00
1434,It's raining again... time for a hot coffee.,2024-01-08 15:14:28
1056,Nothing beats a good book on a rainy day.,2025-02-28 16:00:00
1791,"Planning my next trip, any must-visit places?",2025-02-28 16:00:00
1316,"Just finished an amazing book, highly recommend it!",2024-04-25 14:21:46
1509,"Just finished an amazing book, highly recommend it!",2025-02-07 22:31:44
1791,"Started training for my first marathon, wish me luck!",2024-04-25 02:10:42
1369,"Thinking about upgrading my car, any suggestions?",2024-02-03 05:15:14
1863,"Trying out a new programming language, fun experience!",2024-02-19 18:10:51
1983,Retro games have such a unique charm.,2025-01-02 20:51:08
1547,"Planning my next trip, any must-visit places?",2024-09-29 12:59:03
2000,"Looking for a good RPG to play, any ideas?",2025-02-28 16:00:00
1379,"Planning my next trip, any must-visit places?",2025-02-28 16:00:00
1521,"Today's weather is amazing, perfect for a walk!",2024-02-06 08:20:57
1179,"Finally beat the final boss, what a challenge!",2025-02-28 16:00:00
1521,What a game last night! Incredible performance.,2025-02-28 16:00:00
1747,"Planning my next trip, any must-visit places?",2024-12-21 15:57:34
2000,Multiplayer gaming nights are the best!,2025-01-11 19:15:28
1786,"Trying out a new programming language, fun experience!",2024-12-06 08:22:40
1863,It's raining again... time for a hot coffee.,2024-04-27 21:20:07
1200,"Looking for book recommendations, any suggestions?",2024-02-17 01:00:16
1236,"Sunny and warm, a great day to be outside!",2024-01-31 15:15:57
1378,"Just got the latest gadget, it's mind-blowing!",2025-02-28 16:00:00
1369,It's raining again... time for a hot coffee.,2025-02-28 16:00:00
1184,"Looking for book recommendations, any suggestions?",2024-02-04 20:29:03
1434,"Finally beat the final boss, what a challenge!",2024-03-19 02:15:46
1655,"Sunny and warm, a great day to be outside!",2025-02-28 16:00:00
1252,"Finally beat the final boss, what a challenge!",2024-01-26 06:40:26
1641,"Just got the latest gadget, it's mind-blowing!",2025-02-28 16:00:00
1333,"Looking for a good RPG to play, any ideas?",2025-02-28 16:00:00
1184,Road trips are the best part of owning a car.,2024-05-06 13:39:12
1105,Cybersecurity is more important than ever these days.,2024-05-13 17:28:06
1937,"Thinking about upgrading my car, any suggestions?",2025-02-28 16:00:00
1547,Who else is excited for the new season?,2025-02-28 16:00:00
1525,Traveling opens the mind and the heart.,2024-06-12 16:29:00
1568,"Sunny and warm, a great day to be outside!",2024-05-10 08:02:58
1790,Classic cars have such a unique charm.,2024-05-22 12:40:30
1348,"Finally beat the final boss, what a challenge!",2025-02-28 16:00:00
1645,"Planning my next trip, any must-visit places?",2025-02-28 16:00:00
1747,Who else is excited for the new season?,2024-06-27 06:45:22
1369,"Looking for a good RPG to play, any ideas?",2025-02-28 16:00:00
1849,Nothing beats a good book on a rainy day.,2024-11-26 22:06:58
1747,"Today's weather is amazing, perfect for a walk!",2024-01-28 21:45:03
1642,"Started training for my first marathon, wish me luck!",2024-01-09 21:45:18
1424,What a game last night! Incredible performance.,2024-03-19 05:11:25
1546,Classic cars have such a unique charm.,2024-04-01 18:58:58
1184,This novel completely changed my perspective on life.,2025-02-28 16:00:00
1184,Exploring new cultures is always so fascinating.,2024-03-05 15:43:38
1200,Retro games have such a unique charm.,2025-02-28 16:00:00
1307,Multiplayer gaming nights are the best!,2024-01-02 09:22:35
1120,This novel completely changed my perspective on life.,2024-10-17 19:08:48
1568,Nothing beats a good book on a rainy day.,2025-01-02 23:44:31
1975,Road trips are the best part of owning a car.,2025-02-28 16:00:00
1434,"Looking for book recommendations, any suggestions?",2024-03-24 15:18:52
1351,Traveling opens the mind and the heart.,2025-02-28 16:00:00
1277,"Test drove a new electric car, super smooth ride.",2024-01-29 16:37:20
1145,It's raining again... time for a hot coffee.,2024-02-24 18:00:16
1314,"The storm last night was intense, hope everyone is safe.",2024-07-27 07:08:00
1378,What a game last night! Incredible performance.,2024-04-22 20:10:48
1561,"Can't wait for the finals, it's going to be epic.",2025-02-28 16:00:00
1867,"AI is advancing so fast, it's incredible to witness.",2025-02-28 16:00:00
1525,"Thinking about upgrading my car, any suggestions?",2025-02-28 16:00:00
1168,Nothing beats a good book on a rainy day.,2024-11-08 02:59:29
1877,"Just finished an amazing book, highly recommend it!",2025-02-28 16:00:00
1677,It's raining again... time for a hot coffee.,2024-11-23 19:52:26
2000,"Just got back from an amazing trip, unforgettable experience!",2024-12-18 12:39:12
1426,"Looking for book recommendations, any suggestions?",2025-02-28 16:00:00
1307,"Started training for my first marathon, wish me luck!",2024-08-04 06:55:41
1806,"Finally beat the final boss, what a challenge!",2024-04-16 08:47:01
1200,"The storm last night was intense, hope everyone is safe.",2024-11-11 05:00:25
1965,"Thinking about upgrading my car, any suggestions?",2024-08-29 00:47:46
1983,Traveling opens the mind and the heart.,2024-03-16 12:40:38
1445,"Trying out a new programming language, fun experience!",2024-03-24 08:56:02
2000,Nothing beats a good book on a rainy day.,2025-02-28 16:00:00
1171,"Just got back from an amazing trip, unforgettable experience!",2024-11-24 10:27:40
1353,Classic cars have such a unique charm.,2025-02-28 16:00:00
1677,Multiplayer gaming nights are the best!,2025-02-28 16:00:00
1747,"AI is advancing so fast, it's incredible to witness.",2025-02-28 16:00:00
1992,"Finally beat the final boss, what a challenge!",2024-04-03 21:59:50
1521,This novel completely changed my perspective on life.,2025-01-10 13:45:19
1241,"Looking for a good RPG to play, any ideas?",2025-01-17 23:28:54
1677,This novel completely changed my perspective on life.,2025-02-28 16:00:00
1525,"Just got back from an amazing trip, unforgettable experience!",2024-12-30 06:36:24
1204,What a game last night! Incredible performance.,2025-02-28 16:00:00
1191,Classic cars have such a unique charm.,2024-08-05 01:05:50
1791,Who else is excited for the new season?,2025-02-28 16:00:00
1225,"Trying out a new programming language, fun experience!",2024-06-07 16:10:40
1252,What a game last night! Incredible performance.,2024-07-06 21:37:02
1271,"Thinking about upgrading my car, any suggestions?",2025-02-28 16:00:00
1877,"Finally beat the final boss, what a challenge!",2025-02-28 16:00:00
1399,Nothing beats a good book on a rainy day.,2024-11-12 17:46:53
1547,"Trying out a new programming language, fun experience!",2025-02-28 16:00:00
1191,Road trips are the best part of owning a car.,2025-02-28 16:00:00
1271,"Just finished an amazing book, highly recommend it!",2024-11-20 14:37:40
1911,"Started training for my first marathon, wish me luck!",2024-10-05 18:02:06
1791,"Finally beat the final boss, what a challenge!",2024-11-10 01:38:00
1277,Retro games have such a unique charm.,2025-02-28 16:00:00
1791,"Just got the latest gadget, it's mind-blowing!",2025-02-28 16:00:00
1677,"Thinking about upgrading my car, any suggestions?",2024-07-26 09:10:06
1378,Multiplayer gaming nights are the best!,2024-03-03 06:21:58
1149,"Test drove a new electric car, super smooth ride.",2025-02-28 16:00:00
1184,"Looking for a good RPG to play, any ideas?",2025-02-28 16:00:00
1424,"Looking for a good RPG to play, any ideas?",2025-01-14 18:53:45
1236,"Started training for my first marathon, wish me luck!",2024-12-15 03:59:30
1992,"The storm last night was intense, hope everyone is safe.",2025-02-28 16:00:00
1992,"Started training for my first marathon, wish me luck!",2025-02-28 16:00:00
1056,"Looking for book recommendations, any suggestions?",2024-12-04 04:44:44
1191,"Can't wait for the finals, it's going to be epic.",2024-03-15 15:11:42
1184,Cybersecurity is more important than ever these days.,2024-01-26 22:56:40
1145,"Thinking about upgrading my car, any suggestions?",2025-02-28 16:00:00
1241,"The storm last night was intense, hope everyone is safe.",2024-07-28 21:18:31
1992,"Today's weather is amazing, perfect for a walk!",2025-01-03 10:22:07
1149,"Can't wait for the finals, it's going to be epic.",2024-04-14 07:13:39
1445,This novel completely changed my perspective on life.,2025-02-28 16:00:00
1525,"Trying out a new programming language, fun experience!",2025-02-28 16:00:00
1648,Retro games have such a unique charm.,2024-11-10 02:57:06
1877,"Looking for a good RPG to play, any ideas?",2025-02-28 16:00:00
1747,"Looking for a good RPG to play, any ideas?",2024-04-06 05:23:24
1677,"Test drove a new electric car, super smooth ride.",2025-02-17 09:06:15
1791,"Finally beat the final boss, what a challenge!",2025-02-28 16:00:00
1571,"AI is advancing so fast, it's incredible to witness.",2024-01-09 00:43:35
1789,"The storm last night was intense, hope everyone is safe.",2024-02-06 20:44:33
1145,Retro games have such a unique charm.,2024-07-21 17:29:58
1505,"The storm last night was intense, hope everyone is safe.",2024-04-02 12:33:29
1434,"Finally beat the final boss, what a challenge!",2025-02-28 16:00:00
1307,Nothing beats a good book on a rainy day.,2024-06-30 19:03:47
1090,Road trips are the best part of owning a car.,2025-02-25 23:22:21
1353,"Started training for my first marathon, wish me luck!",2025-02-28 16:00:00
1897,It's raining again... time for a hot coffee.,2024-05-09 15:17:50
1145,"The storm last night was intense, hope everyone is safe.",2024-01-11 23:49:00
1947,Classic cars have such a unique charm.,2025-02-28 16:00:00
1434,"Sunny and warm, a great day to be outside!",2025-02-28 16:00:00
1791,Road trips are the best part of owning a car.,2025-02-28 16:00:00
1277,"Thinking about upgrading my car, any suggestions?",2024-02-15 10:31:03
1184,Retro games have such a unique charm.,2024-10-01 21:11:54
1184,It's raining again... time for a hot coffee.,2025-02-28 16:00:00
1191,"Finally beat the final boss, what a challenge!",2024-08-02 11:36:03
1061,What a game last night! Incredible performance.,2024-01-21 14:05:10
1867,"The storm last night was intense, hope everyone is safe.",2024-03-13 09:28:01
1184,Nothing beats a good book on a rainy day.,2024-02-27 04:36:15
1983,"Started training for my first marathon, wish me luck!",2024-05-30 22:45:51
1096,"Just finished an amazing book, highly recommend it!",2025-02-28 16:00:00
1515,Exploring new cultures is always so fascinating.,2025-02-28 16:00:00
1677,"AI is advancing so fast, it's incredible to witness.",2024-02-15 13:52:05
1484,"Started training for my first marathon, wish me luck!",2025-02-28 16:00:00
1480,"The storm last night was intense, hope everyone is safe.",2025-02-28 16:00:00
1105,"Just got the latest gadget, it's mind-blowing!",2024-11-20 22:12:57
1258,"Today's weather is amazing, perfect for a walk!",2024-06-14 19:47:35
1791,Classic cars have such a unique charm.,2025-02-28 16:00:00
1832,"Looking for a good RPG to play, any ideas?",2024-04-20 17:32:10
1663,"Started training for my first marathon, wish me luck!",2024-05-25 17:48:29
1241,"Just finished an amazing book, highly recommend it!",2024-10-24 04:50:29
1205,Classic cars have such a unique charm.,2024-08-15 03:52:49
1307,Nothing beats a good book on a rainy day.,2025-02-28 16:00:00
1867,"Sunny and warm, a great day to be outside!",2024-10-08 02:27:16
1111,"Started training for my first marathon, wish me luck!",2024-09-07 17:24:30
1525,Cybersecurity is more important than ever these days.,2025-02-28 16:00:00
1145,"Looking for a good RPG to play, any ideas?",2024-01-09 04:20:07
1169,"Today's weather is amazing, perfect for a walk!",2025-02-16 19:40:11
1145,Nothing beats a good book on a rainy day.,2025-01-09 06:27:30
1118,Retro games have such a unique charm.,2024-04-05 21:06:47
1209,"Sunny and warm, a great day to be outside!",2025-01-27 13:03:18
1424,"Just got the latest gadget, it's mind-blowing!",2025-02-28 16:00:00
1258,"Trying out a new programming language, fun experience!",2024-03-25 10:16:21
1915,"Just finished an amazing book, highly recommend it!",2024-02-09 22:24:00
1120,"Just finished an amazing book, highly recommend it!",2024-07-24 03:37:25
1677,"Looking for a good RPG to play, any ideas?",2025-02-28 16:00:00
1849,"Today's weather is amazing, perfect for a walk!",2024-09-04 03:07:20
2000,Nothing beats a good book on a rainy day.,2024-01-18 08:20:30
1434,"AI is advancing so fast, it's incredible to witness.",2025-02-03 09:54:35
1645,Cybersecurity is more important than ever these days.,2024-08-19 04:09:09
1789,What a game last night! Incredible performance.,2025-02-28 16:00:00
1790,Classic cars have such a unique charm.,2024-01-23 01:44:09
1992,"Test drove a new electric car, super smooth ride.",2024-05-09 14:31:14
1947,"Planning my next trip, any must-visit places?",2024-06-17 02:21:24
1525,"Can't wait for the finals, it's going to be epic.",2025-02-28 16:00:00
1992,"The storm last night was intense, hope everyone is safe.",2024-08-29 11:13:08
1618,"Looking for book recommendations, any suggestions?",2024-09-28 12:44:28
1061,Nothing beats a good book on a rainy day.,2025-02-28 16:00:00
1061,Multiplayer gaming nights are the best!,2024-12-19 06:34:27
1445,Traveling opens the mind and the heart.,2025-02-25 07:09:33
1791,"Trying out a new programming language, fun experience!",2025-01-31 07:44:02
1650,Multiplayer gaming nights are the best!,2024-05-03 13:57:00
1434,This novel completely changed my perspective on life.,2025-02-28 16:00:00
1437,What a game last night! Incredible performance.,2025-02-28 16:00:00
1225,"Just finished an amazing book, highly recommend it!",2024-01-07 22:36:43
1353,It's raining again... time for a hot coffee.,2025-02-28 16:00:00
1897,Retro games have such a unique charm.,2025-02-28 16:00:00
1378,"Finally beat the final boss, what a challenge!",2025-02-28 16:00:00
1938,Retro games have such a unique charm.,2025-02-28 16:00:00
1445,Cybersecurity is more important than ever these days.,2024-04-21 14:25:39
1191,"Test drove a new electric car, super smooth ride.",2024-01-15 08:26:58
2000,"Can't wait for the finals, it's going to be epic.",2024-07-19 00:09:31
1983,"Can't wait for the finals, it's going to be epic.",2024-04-21 02:53:49
1889,"Can't wait for the finals, it's going to be epic.",2024-03-08 10:52:19
1191,"The storm last night was intense, hope everyone is safe.",2024-08-26 15:48:03
1677,"Test drove a new electric car, super smooth ride.",2025-02-28 16:00:00
1747,Retro games have such a unique charm.,2025-02-28 16:00:00
1525,"Looking for book recommendations, any suggestions?",2025-02-28 16:00:00
1525,This novel completely changed my perspective on life.,2025-02-28 16:00:00
1568,Nothing beats a good book on a rainy day.,2024-02-10 22:56:20
1096,Road trips are the best part of owning a car.,2024-12-07 00:10:35
1677,Cybersecurity is more important than ever these days.,2024-03-24 12:31:55
1642,Road trips are the best part of owning a car.,2024-10-30 22:28:57
1419,"Planning my next trip, any must-visit places?",2024-01-19 13:39:27
1907,Multiplayer gaming nights are the best!,2024-01-12 23:16:56
1521,Road trips are the best part of owning a car.,2025-02-28 16:00:00
1992,Exploring new cultures is always so fascinating.,2025-02-28 16:00:00
1525,"Sunny and warm, a great day to be outside!",2024-01-07 17:32:22
1307,Multiplayer gaming nights are the best!,2024-07-15 18:26:08
1171,"Just got the latest gadget, it's mind-blowing!",2025-02-28 16:00:00
1645,"Just got back from an amazing trip, unforgettable experience!",2025-02-18 17:02:04
1184,Multiplayer gaming nights are the best!,2024-05-30 17:51:55
1184,"Planning my next trip, any must-visit places?",2024-02-07 14:45:37
1191,"Looking for book recommendations, any suggestions?",2025-02-28 16:00:00
1149,"Just got back from an amazing trip, unforgettable experience!",2024-05-16 16:33:38
1145,"Looking for book recommendations, any suggestions?",2025-02-28 16:00:00
1907,"AI is advancing so fast, it's incredible to witness.",2024-03-01 12:12:47
1184,"The storm last night was intense, hope everyone is safe.",2025-02-26 14:45:56
1252,"Trying out a new programming language, fun experience!",2024-01-12 00:55:00
1209,"Just got the latest gadget, it's mind-blowing!",2024-12-22 10:51:34
1525,Who else is excited for the new season?,2024-07-05 17:36:00
1571,"Finally beat the final boss, what a challenge!",2025-02-28 16:00:00
1434,"Today's weather is amazing, perfect for a walk!",2024-02-13 03:28:16
1677,What a game last night! Incredible performance.,2024-01-28 17:22:58
1806,"Started training for my first marathon, wish me luck!",2024-07-09 21:56:55
1241,"Can't wait for the finals, it's going to be epic.",2024-10-15 19:36:49
1867,"Finally beat the final boss, what a challenge!",2025-02-28 16:00:00
1410,"Today's weather is amazing, perfect for a walk!",2025-02-28 16:00:00
1670,Exploring new cultures is always so fascinating.,2025-02-28 16:00:00
1641,"Planning my next trip, any must-visit places?",2025-02-28 16:00:00
1061,Who else is excited for the new season?,2024-05-19 17:47:02
1947,"Sunny and warm, a great day to be outside!",2024-11-03 10:18:46
1169,"Test drove a new electric car, super smooth ride.",2024-08-08 10:42:27
1470,It's raining again... time for a hot coffee.,2025-02-28 16:00:00
1169,"The storm last night was intense, hope everyone is safe.",2024-01-12 07:39:05
1966,"AI is advancing so fast, it's incredible to witness.",2025-02-28 16:00:00
1437,"Test drove a new electric car, super smooth ride.",2025-02-28 16:00:00
1849,"Started training for my first marathon, wish me luck!",2024-07-24 06:50:00
1747,Multiplayer gaming nights are the best!,2025-02-28 16:00:00
1897,"Can't wait for the finals, it's going to be epic.",2024-12-07 15:36:46
1975,Multiplayer gaming nights are the best!,2024-12-18 16:08:35
1992,"Today's weather is amazing, perfect for a walk!",2024-05-26 21:52:46
1791,"Finally beat the final boss, what a challenge!",2025-02-28 16:00:00
1907,Multiplayer gaming nights are the best!,2025-02-28 16:00:00
1525,Road trips are the best part of owning a car.,2024-12-30 13:24:20
1424,"Sunny and warm, a great day to be outside!",2024-06-13 03:12:19
1966,Retro games have such a unique charm.,2025-02-28 16:00:00
1333,"Today's weather is amazing, perfect for a walk!",2024-02-10 04:57:20
1897,"The storm last night was intense, hope everyone is safe.",2025-02-28 16:00:00
1225,Classic cars have such a unique charm.,2025-02-28 16:00:00
1424,"Just finished an amazing book, highly recommend it!",2024-12-01 21:23:06
1333,Exploring new cultures is always so fascinating.,2025-02-28 16:00:00
1424,"Finally beat the final boss, what a challenge!",2024-01-09 17:52:03
1419,"Thinking about upgrading my car, any suggestions?",2024-04-11 09:35:57
1145,Traveling opens the mind and the heart.,2024-03-23 19:35:16
1889,"Just finished an amazing book, highly recommend it!",2025-02-28 16:00:00
1426,"Sunny and warm, a great day to be outside!",2024-04-04 18:25:08
1677,Exploring new cultures is always so fascinating.,2025-02-28 16:00:00
1271,Exploring new cultures is always so fascinating.,2024-01-18 03:40:02
1096,"Thinking about upgrading my car, any suggestions?",2024-06-23 09:46:24
1575,Cybersecurity is more important than ever these days.,2024-04-27 23:30:02
1480,Classic cars have such a unique charm.,2025-02-28 16:00:00
1333,Classic cars have such a unique charm.,2024-02-21 06:48:33
1271,"Trying out a new programming language, fun experience!",2024-02-05 02:52:29
1937,This novel completely changed my perspective on life.,2024-10-18 02:00:54
1547,"Started training for my first marathon, wish me luck!",2025-02-28 16:00:00
1277,"Planning my next trip, any must-visit places?",2024-03-28 01:04:27
1434,"Just finished an amazing book, highly recommend it!",2025-02-28 16:00:00
1348,"Just got the latest gadget, it's mind-blowing!",2025-01-13 18:30:38
1695,"Thinking about upgrading my car, any suggestions?",2024-11-23 06:00:44
1677,"Trying out a new programming language, fun experience!",2024-09-20 08:42:43
1105,"Started training for my first marathon, wish me luck!",2025-02-28 16:00:00
1790,"Finally beat the final boss, what a challenge!",2024-01-26 11:42:30
1806,Nothing beats a good book on a rainy day.,2024-06-08 18:37:29
1480,Cybersecurity is more important than ever these days.,2025-02-28 16:00:00
1145,"Today's weather is amazing, perfect for a walk!",2025-02-28 16:00:00
1149,"The storm last night was intense, hope everyone is safe.",2024-08-30 07:42:31
1568,Who else is excited for the new season?,2024-06-30 17:28:49
1873,"Trying out a new programming language, fun experience!",2024-08-04 08:40:05
1204,"Just got the latest gadget, it's mind-blowing!",2024-04-27 00:05:48
1378,Retro games have such a unique charm.,2025-02-28 16:00:00
1120,"Can't wait for the finals, it's going to be epic.",2024-08-20 01:54:06
2000,It's raining again... time for a hot coffee.,2025-02-28 16:00:00
1205,Retro games have such a unique charm.,2024-10-29 02:06:58
1521,"Test drove a new electric car, super smooth ride.",2024-02-28 16:58:21
1200,Multiplayer gaming nights are the best!,2025-02-28 16:00:00
1791,"The storm last night was intense, hope everyone is safe.",2025-02-28 16:00:00
1547,"Just got back from an amazing trip, unforgettable experience!",2025-02-28 16:00:00
1118,Who else is excited for the new season?,2025-02-28 16:00:00
1241,Retro games have such a unique charm.,2024-06-24 05:09:54
1399,Nothing beats a good book on a rainy day.,2024-06-12 18:51:33
2000,Cybersecurity is more important than ever these days.,2024-01-20 16:23:38
1650,"Can't wait for the finals, it's going to be epic.",2024-04-23 13:03:17
1145,This novel completely changed my perspective on life.,2024-10-03 06:31:25
1369,"Planning my next trip, any must-visit places?",2024-04-11 15:31:11
1525,Who else is excited for the new season?,2024-04-19 13:36:16
1179,Multiplayer gaming nights are the best!,2024-03-30 10:33:20
1378,"Looking for a good RPG to play, any ideas?",2025-02-28 16:00:00
1204,"Just got the latest gadget, it's mind-blowing!",2024-07-19 17:14:39
1791,"The storm last night was intense, hope everyone is safe.",2024-08-08 18:25:12
1789,"Can't wait for the finals, it's going to be epic.",2024-06-25 09:31:08
1966,What a game last night! Incredible performance.,2025-02-28 16:00:00
1937,Road trips are the best part of owning a car.,2024-01-20 17:10:45
1118,"Trying out a new programming language, fun experience!",2024-04-13 03:58:22
2000,Multiplayer gaming nights are the best!,2025-02-28 16:00:00
1145,"Just got the latest gadget, it's mind-blowing!",2025-01-17 17:58:26
1937,"The storm last night was intense, hope everyone is safe.",2025-02-28 16:00:00
1170,"Today's weather is amazing, perfect for a walk!",2025-02-28 16:00:00
1521,"Sunny and warm, a great day to be outside!",2025-02-28 16:00:00
1378,"Thinking about upgrading my car, any suggestions?",2025-02-28 16:00:00
1791,"Can't wait for the finals, it's going to be epic.",2024-03-29 19:32:42
1648,"Can't wait for the finals, it's going to be epic.",2024-05-17 07:53:51
1547,Classic cars have such a unique charm.,2024-09-20 10:37:28
1791,Classic cars have such a unique charm.,2025-02-28 16:00:00
2000,Multiplayer gaming nights are the best!,2024-07-08 03:57:24
1677,Multiplayer gaming nights are the best!,2024-07-03 20:19:29
1877,Cybersecurity is more important than ever these days.,2024-07-27 19:57:29
1642,This novel completely changed my perspective on life.,2024-04-05 14:09:19
1145,What a game last night! Incredible performance.,2024-04-30 17:58:48
1677,Who else is excited for the new season?,2024-08-06 16:20:38
1965,Who else is excited for the new season?,2024-02-28 23:28:02
1790,Exploring new cultures is always so fascinating.,2024-06-20 13:45:42
1200,"The storm last night was intense, hope everyone is safe.",2025-02-28 16:00:00
1200,It's raining again... time for a hot coffee.,2024-01-23 21:14:38
1241,"Trying out a new programming language, fun experience!",2025-02-28 16:00:00
1561,Cybersecurity is more important than ever these days.,2024-10-21 02:41:23
1145,"Test drove a new electric car, super smooth ride.",2025-02-28 16:00:00
1225,"Trying out a new programming language, fun experience!",2024-08-03 13:58:59
1877,"Test drove a new electric car, super smooth ride.",2025-02-28 16:00:00
1791,It's raining again... time for a hot coffee.,2024-10-07 10:14:28
1509,This novel completely changed my perspective on life.,2024-06-06 06:28:27
1209,"Trying out a new programming language, fun experience!",2024-03-11 14:43:12
1480,Classic cars have such a unique charm.,2024-08-01 04:46:23
1525,What a game last night! Incredible performance.,2024-04-12 20:25:55
1791,Exploring new cultures is always so fascinating.,2025-02-28 16:00:00
1434,"Can't wait for the finals, it's going to be epic.",2024-02-18 06:36:10
1257,Exploring new cultures is always so fascinating.,2025-02-28 16:00:00
1690,"Finally beat the final boss, what a challenge!",2025-02-28 16:00:00
1241,"Started training for my first marathon, wish me luck!",2024-08-11 15:23:11
1877,Road trips are the best part of owning a car.,2024-04-18 20:44:07
1525,It's raining again... time for a hot coffee.,2025-02-15 18:40:37
1444,"Looking for a good RPG to play, any ideas?",2024-02-26 22:45:31
1992,"Test drove a new electric car, super smooth ride.",2024-06-12 07:59:35
1790,"Planning my next trip, any must-visit places?",2025-02-28 16:00:00
1677,"AI is advancing so fast, it's incredible to witness.",2024-12-28 23:13:58
1333,"Thinking about upgrading my car, any suggestions?",2025-02-28 16:00:00
1307,"Planning my next trip, any must-visit places?",2024-05-23 07:19:35
1747,Cybersecurity is more important than ever these days.,2024-03-13 05:14:34
1993,Nothing beats a good book on a rainy day.,2025-02-28 16:00:00
1200,"Today's weather is amazing, perfect for a walk!",2024-01-20 14:37:56
1521,Nothing beats a good book on a rainy day.,2024-02-05 23:38:02
1966,What a game last night! Incredible performance.,2024-02-07 03:20:34
1241,Who else is excited for the new season?,2025-02-28 16:00:00
1983,"Planning my next trip, any must-visit places?",2024-01-23 12:06:18
1277,"Can't wait for the finals, it's going to be epic.",2024-03-27 01:31:20
1806,"Started training for my first marathon, wish me luck!",2025-02-28 16:00:00
2000,Who else is excited for the new season?,2024-06-25 22:18:15
1955,"Looking for a good RPG to play, any ideas?",2024-01-07 18:17:03
1241,"Just finished an amazing book, highly recommend it!",2024-05-24 14:40:09
1184,Road trips are the best part of owning a car.,2025-02-28 16:00:00
1149,"Looking for book recommendations, any suggestions?",2025-02-28 16:00:00
1677,Road trips are the best part of owning a car.,2024-02-24 02:14:26
1277,"Planning my next trip, any must-visit places?",2024-01-27 17:17:16
1277,"Finally beat the final boss, what a challenge!",2025-01-09 16:13:15
1979,What a game last night! Incredible performance.,2024-02-17 20:52:24
1424,"Sunny and warm, a great day to be outside!",2025-02-28 16:00:00
1252,Multiplayer gaming nights are the best!,2024-01-16 22:00:38
1434,"AI is advancing so fast, it's incredible to witness.",2024-05-24 06:12:49
1979,"Today's weather is amazing, perfect for a walk!",2025-02-28 16:00:00
1149,"Trying out a new programming language, fun experience!",2024-01-10 22:43:14
1897,"Looking for a good RPG to play, any ideas?",2024-04-13 21:52:24
1258,"Started training for my first marathon, wish me luck!",2024-01-14 06:45:11
1378,Road trips are the best part of owning a car.,2024-12-10 16:19:55
1184,Exploring new cultures is always so fascinating.,2024-11-09 02:09:13
1225,Nothing beats a good book on a rainy day.,2025-02-28 16:00:00
1618,What a game last night! Incredible performance.,2024-11-29 14:37:30
1966,"Today's weather is amazing, perfect for a walk!",2024-01-14 00:03:32
1252,"Looking for book recommendations, any suggestions?",2024-09-01 17:59:48
1241,Multiplayer gaming nights are the best!,2025-02-28 16:00:00
2000,"Sunny and warm, a great day to be outside!",2025-02-28 16:00:00
1204,Road trips are the best part of owning a car.,2025-01-31 19:14:44
1867,"Looking for book recommendations, any suggestions?",2024-08-06 00:23:46
1179,Classic cars have such a unique charm.,2025-01-16 22:45:16
1677,Exploring new cultures is always so fascinating.,2024-06-24 00:13:53
1648,What a game last night! Incredible performance.,2024-04-22 21:03:01
1096,Who else is excited for the new season?,2025-02-28 16:00:00
1149,"AI is advancing so fast, it's incredible to witness.",2024-10-23 22:36:34
1179,"Sunny and warm, a great day to be outside!",2024-08-19 18:54:54
1204,It's raining again... time for a hot coffee.,2024-06-02 04:00:09
1184,"AI is advancing so fast, it's incredible to witness.",2025-02-28 16:00:00
1204,"AI is advancing so fast, it's incredible to witness.",2024-05-08 12:34:29
1863,"Looking for book recommendations, any suggestions?",2025-02-28 16:00:00
2000,Retro games have such a unique charm.,2024-08-26 19:04:23
1258,"Test drove a new electric car, super smooth ride.",2025-02-28 16:00:00
1670,Who else is excited for the new season?,2024-02-01 02:57:22
1677,"Just finished an amazing book, highly recommend it!",2025-02-28 16:00:00
1314,What a game last night! Incredible performance.,2024-09-08 08:10:56
1791,Traveling opens the mind and the heart.,2024-04-25 22:11:25
1096,Retro games have such a unique charm.,2024-03-27 18:52:12
1856,Retro games have such a unique charm.,2024-06-13 15:00:05
1525,"Looking for a good RPG to play, any ideas?",2025-02-28 16:00:00
1747,"Looking for a good RPG to play, any ideas?",2024-02-13 05:18:49
1200,"Looking for book recommendations, any suggestions?",2024-07-05 01:19:41
1575,"Started training for my first marathon, wish me luck!",2024-10-29 08:39:39
1434,Retro games have such a unique charm.,2025-02-28 16:00:00
1575,Nothing beats a good book on a rainy day.,2025-02-28 16:00:00
1378,It's raining again... time for a hot coffee.,2024-08-09 11:22:29
1209,"Looking for book recommendations, any suggestions?",2025-02-28 16:00:00
1204,"Today's weather is amazing, perfect for a walk!",2024-05-16 00:14:57
1873,Nothing beats a good book on a rainy day.,2025-02-28 16:00:00
1791,"Started training for my first marathon, wish me luck!",2025-02-28 16:00:00
1505,Cybersecurity is more important than ever these days.,2024-05-12 02:07:04
1200,Retro games have such a unique charm.,2025-02-28 16:00:00
1711,This novel completely changed my perspective on life.,2025-01-19 18:29:40
1271,Traveling opens the mind and the heart.,2025-02-28 16:00:00
1907,"Thinking about upgrading my car, any suggestions?",2024-09-27 03:25:34
1521,It's raining again... time for a hot coffee.,2024-01-31 04:11:41
1118,Classic cars have such a unique charm.,2024-04-24 12:59:17
1966,Who else is excited for the new season?,2025-02-28 16:00:00
1204,Traveling opens the mind and the heart.,2024-04-04 22:32:47
1096,"Finally beat the final boss, what a challenge!",2024-02-03 00:30:24
1184,This novel completely changed my perspective on life.,2024-08-21 09:11:17
1575,Exploring new cultures is always so fascinating.,2024-12-12 09:38:48
1209,Classic cars have such a unique charm.,2024-10-16 17:25:38
1258,"Trying out a new programming language, fun experience!",2024-01-04 10:06:42
1992,This novel completely changed my perspective on life.,2024-05-09 14:37:38
1907,Nothing beats a good book on a rainy day.,2025-02-28 16:00:00
1444,"Just got back from an amazing trip, unforgettable experience!",2024-03-22 06:50:40
1525,Who else is excited for the new season?,2024-08-19 19:06:10
1983,"Looking for book recommendations, any suggestions?",2024-02-08 17:04:45
1252,Traveling opens the mind and the heart.,2025-02-28 16:00:00
1353,"Today's weather is amazing, perfect for a walk!",2025-02-28 16:00:00
1677,Multiplayer gaming nights are the best!,2025-02-28 16:00:00
1184,"Test drove a new electric car, super smooth ride.",2024-05-19 15:36:14
1877,It's raining again... time for a hot coffee.,2024-06-02 01:52:47
1575,"Thinking about upgrading my car, any suggestions?",2025-02-28 16:00:00
1105,It's raining again... time for a hot coffee.,2025-02-28 16:00:00
1199,"Thinking about upgrading my car, any suggestions?",2024-01-05 12:53:57
1209,Multiplayer gaming nights are the best!,2025-02-28 16:00:00
1437,Who else is excited for the new season?,2024-01-22 09:39:41
1161,"Just finished an amazing book, highly recommend it!",2025-02-28 16:00:00
1791,"Just got back from an amazing trip, unforgettable experience!",2025-02-28 16:00:00
1747,"The storm last night was intense, hope everyone is safe.",2024-06-12 21:59:09
1645,"Finally beat the final boss, what a challenge!",2025-01-20 03:35:43
1568,What a game last night! Incredible performance.,2024-02-15 03:26:49
1378,"Finally beat the final boss, what a challenge!",2025-02-28 16:00:00
1789,Multiplayer gaming nights are the best!,2024-05-07 09:37:07
1629,Traveling opens the mind and the heart.,2024-02-28 06:18:13
1505,Retro games have such a unique charm.,2024-09-29 20:51:04
1348,"Test drove a new electric car, super smooth ride.",2025-02-28 16:00:00
1677,"Just got the latest gadget, it's mind-blowing!",2025-02-28 16:00:00
1655,Exploring new cultures is always so fascinating.,2024-04-24 21:11:03
1521,Multiplayer gaming nights are the best!,2025-02-28 16:00:00
1061,Retro games have such a unique charm.,2025-02-28 16:00:00
1983,"Finally beat the final boss, what a challenge!",2024-03-16 20:30:21
1351,"AI is advancing so fast, it's incredible to witness.",2025-02-28 16:00:00
1314,"Just got the latest gadget, it's mind-blowing!",2024-09-06 20:49:18
1992,"Today's weather is amazing, perfect for a walk!",2024-03-18 05:57:05
1209,"Looking for a good RPG to play, any ideas?",2024-05-09 20:32:33
1650,"Looking for book recommendations, any suggestions?",2025-02-28 16:00:00
1379,"The storm last night was intense, hope everyone is safe.",2024-02-14 16:01:28
1179,It's raining again... time for a hot coffee.,2024-02-26 18:22:10
1252,Who else is excited for the new season?,2025-02-21 16:24:08
1500,"The storm last night was intense, hope everyone is safe.",2025-02-28 16:00:00
1867,"Test drove a new electric car, super smooth ride.",2025-02-28 16:00:00
1521,"Planning my next trip, any must-visit places?",2024-04-09 17:01:07
1433,"Trying out a new programming language, fun experience!",2025-02-28 16:00:00
1204,"Today's weather is amazing, perfect for a walk!",2025-02-28 16:00:00
1316,What a game last night! Incredible performance.,2024-03-23 19:55:36
1252,"The storm last night was intense, hope everyone is safe.",2025-02-28 16:00:00
1521,"Looking for a good RPG to play, any ideas?",2025-02-28 16:00:00
1120,"Just got the latest gadget, it's mind-blowing!",2024-02-05 06:29:13
1903,"Started training for my first marathon, wish me luck!",2024-05-14 22:56:21
1677,"Finally beat the final boss, what a challenge!",2024-06-23 10:22:38
1677,Multiplayer gaming nights are the best!,2025-02-28 16:00:00
1897,"The storm last night was intense, hope everyone is safe.",2025-02-28 16:00:00
1791,"Thinking about upgrading my car, any suggestions?",2024-06-06 20:39:55
1677,Classic cars have such a unique charm.,2025-02-28 16:00:00
1096,What a game last night! Incredible performance.,2024-05-07 16:26:36
1747,"Test drove a new electric car, super smooth ride.",2025-02-28 16:00:00
1568,Retro games have such a unique charm.,2025-02-28 16:00:00
1983,"Can't wait for the finals, it's going to be epic.",2024-02-04 10:00:42
1505,"Just got back from an amazing trip, unforgettable experience!",2024-02-14 14:55:35
1145,"Looking for book recommendations, any suggestions?",2024-04-15 07:41:16
1690,It's raining again... time for a hot coffee.,2024-03-06 01:49:15
1992,"Test drove a new electric car, super smooth ride.",2025-02-28 16:00:00
1200,Cybersecurity is more important than ever these days.,2024-01-02 05:29:42
1241,"Just got back from an amazing trip, unforgettable experience!",2024-04-09 20:38:24
1111,"Test drove a new electric car, super smooth ride.",2025-02-28 16:00:00
1061,"Trying out a new programming language, fun experience!",2024-09-07 11:25:17
1419,"Just got the latest gadget, it's mind-blowing!",2025-02-28 16:00:00
1911,"Thinking about upgrading my car, any suggestions?",2024-02-02 16:22:56
1979,Exploring new cultures is always so fascinating.,2024-03-20 02:20:11
1105,Nothing beats a good book on a rainy day.,2025-02-28 16:00:00
1867,"Just got the latest gadget, it's mind-blowing!",2025-02-28 16:00:00
1670,"Planning my next trip, any must-visit places?",2025-02-28 16:00:00
1075,"AI is advancing so fast, it's incredible to witness.",2025-02-28 16:00:00
1571,Who else is excited for the new season?,2024-10-01 07:19:40
1937,"Looking for book recommendations, any suggestions?",2024-05-11 00:59:42
1184,Road trips are the best part of owning a car.,2024-07-26 10:42:19
1547,What a game last night! Incredible performance.,2024-05-27 20:58:05
1075,What a game last night! Incredible performance.,2024-04-14 01:17:33
1595,"Finally beat the final boss, what a challenge!",2024-05-31 16:17:53
1184,This novel completely changed my perspective on life.,2024-02-16 07:05:42
1170,Nothing beats a good book on a rainy day.,2025-02-28 16:00:00
1061,"Trying out a new programming language, fun experience!",2024-10-19 12:12:57
1169,This novel completely changed my perspective on life.,2024-01-09 06:49:39
1252,"Just got back from an amazing trip, unforgettable experience!",2024-09-16 12:08:32
1789,What a game last night! Incredible performance.,2025-01-23 20:32:32
1379,Nothing beats a good book on a rainy day.,2024-03-19 09:11:58
1677,Who else is excited for the new season?,2025-02-28 16:00:00
1191,"Finally beat the final boss, what a challenge!",2024-02-20 23:26:00
1209,"Trying out a new programming language, fun experience!",2024-03-21 15:36:34
1677,Who else is excited for the new season?,2024-09-09 22:29:27
1992,"Just finished an amazing book, highly recommend it!",2024-03-28 01:41:47
1353,"Sunny and warm, a great day to be outside!",2024-01-26 01:51:37
1790,Multiplayer gaming nights are the best!,2024-08-21 11:34:54
1677,Classic cars have such a unique charm.,2024-01-14 04:26:21
1966,"Just got the latest gadget, it's mind-blowing!",2024-04-11 08:13:28
1849,"AI is advancing so fast, it's incredible to witness.",2024-02-16 12:45:54
1609,It's raining again... time for a hot coffee.,2024-10-23 23:27:05
1209,"Can't wait for the finals, it's going to be epic.",2025-02-28 16:00:00
1791,"Today's weather is amazing, perfect for a walk!",2024-02-19 12:22:51
1525,Who else is excited for the new season?,2025-02-28 16:00:00
1200,Retro games have such a unique charm.,2024-04-26 01:23:22
1677,Exploring new cultures is always so fascinating.,2024-03-01 18:07:30
1184,"Finally beat the final boss, what a challenge!",2024-05-25 14:50:55
1225,Road trips are the best part of owning a car.,2024-07-18 00:21:26
1314,Multiplayer gaming nights are the best!,2024-06-23 01:04:17
1426,"Thinking about upgrading my car, any suggestions?",2025-02-28 16:00:00
1547,Retro games have such a unique charm.,2024-01-25 02:28:07
1655,"Can't wait for the finals, it's going to be epic.",2024-02-25 13:24:04
1547,"Finally beat the final boss, what a challenge!",2024-02-01 09:12:39
1500,"Looking for book recommendations, any suggestions?",2024-01-11 15:45:09
1747,Exploring new cultures is always so fascinating.,2024-09-07 09:13:44
1629,"Can't wait for the finals, it's going to be epic.",2024-10-11 00:35:14
1105,"Planning my next trip, any must-visit places?",2024-07-25 15:04:33
1379,"Just finished an amazing book, highly recommend it!",2024-11-22 18:24:11
1404,Multiplayer gaming nights are the best!,2024-10-13 22:54:34
1369,"Just got the latest gadget, it's mind-blowing!",2025-02-28 16:00:00
1258,Exploring new cultures is always so fascinating.,2024-05-05 07:02:14
1434,"Thinking about upgrading my car, any suggestions?",2024-04-30 00:47:07
1145,"Finally beat the final boss, what a challenge!",2024-08-27 19:31:12
1747,"Sunny and warm, a great day to be outside!",2025-02-28 16:00:00
1546,"Today's weather is amazing, perfect for a walk!",2025-01-24 12:39:58
1791,Cybersecurity is more important than ever these days.,2025-01-22 03:36:56
1145,Road trips are the best part of owning a car.,2024-07-06 19:45:52
1200,"Just finished an amazing book, highly recommend it!",2024-06-05 04:55:17
1947,This novel completely changed my perspective on life.,2024-08-10 09:52:14
1663,Who else is excited for the new season?,2025-02-28 16:00:00
1145,Multiplayer gaming nights are the best!,2024-02-08 19:13:42
1947,Exploring new cultures is always so fascinating.,2024-08-13 08:44:48
1204,"Test drove a new electric car, super smooth ride.",2024-02-17 01:32:25
1444,"Looking for book recommendations, any suggestions?",2024-08-05 21:15:32
1184,"Planning my next trip, any must-visit places?",2025-02-28 16:00:00
1515,"Test drove a new electric car, super smooth ride.",2024-05-06 21:27:46
1184,"Just finished an amazing book, highly recommend it!",2024-10-20 03:04:33
1747,"AI is advancing so fast, it's incredible to witness.",2024-08-30 05:41:45
1348,"The storm last night was intense, hope everyone is safe.",2024-05-05 22:22:42
1911,"Just got the latest gadget, it's mind-blowing!",2024-10-10 19:49:18
1525,"Finally beat the final boss, what a challenge!",2025-02-28 16:00:00
1505,"Can't wait for the finals, it's going to be epic.",2024-02-28 17:52:13
1947,This novel completely changed my perspective on life.,2024-11-08 05:36:18
1277,"Just got the latest gadget, it's mind-blowing!",2025-02-28 16:00:00
1419,"Finally beat the final boss, what a challenge!",2024-05-31 18:36:40
1434,"Just got back from an amazing trip, unforgettable experience!",2024-08-21 07:09:33
1979,Retro games have such a unique charm.,2024-08-09 22:51:27
1209,"Looking for book recommendations, any suggestions?",2025-02-28 16:00:00
1521,"Started training for my first marathon, wish me luck!",2025-02-28 16:00:00
1806,Nothing beats a good book on a rainy day.,2024-02-26 18:59:37
1547,"Sunny and warm, a great day to be outside!",2025-02-28 16:00:00
1424,Retro games have such a unique charm.,2024-11-02 13:05:57
1171,"Finally beat the final boss, what a challenge!",2024-04-10 15:01:19
1424,"AI is advancing so fast, it's incredible to witness.",2025-02-28 16:00:00
1910,It's raining again... time for a hot coffee.,2024-08-04 07:47:55
1209,It's raining again... time for a hot coffee.,2024-10-12 09:14:19
1353,"Looking for book recommendations, any suggestions?",2025-02-28 16:00:00
1747,What a game last night! Incredible performance.,2024-08-16 01:09:58
1897,"Test drove a new electric car, super smooth ride.",2025-02-28 16:00:00
1434,Classic cars have such a unique charm.,2025-02-28 16:00:00
1897,"The storm last night was intense, hope everyone is safe.",2024-01-12 14:04:20
1677,Who else is excited for the new season?,2025-02-28 16:00:00
1209,Road trips are the best part of owning a car.,2024-04-27 06:21:29
1747,"Today's weather is amazing, perfect for a walk!",2024-02-17 13:34:07
1897,What a game last night! Incredible performance.,2024-02-15 01:26:34
1979,Exploring new cultures is always so fascinating.,2024-02-17 03:25:28
1241,"Test drove a new electric car, super smooth ride.",2024-02-14 07:37:37
1277,"Just got the latest gadget, it's mind-blowing!",2024-02-23 02:01:52
1145,Classic cars have such a unique charm.,2025-02-28 16:00:00
1648,Nothing beats a good book on a rainy day.,2024-04-19 20:35:06
1832,"Just got the latest gadget, it's mind-blowing!",2024-11-14 10:29:34
1897,"Sunny and warm, a great day to be outside!",2025-01-28 04:34:00
1161,"Can't wait for the finals, it's going to be epic.",2024-11-03 13:23:29
1677,"AI is advancing so fast, it's incredible to witness.",2024-04-01 19:06:07
1105,Nothing beats a good book on a rainy day.,2024-05-19 18:42:46
1677,"Sunny and warm, a great day to be outside!",2024-01-27 14:42:04
1424,"Started training for my first marathon, wish me luck!",2025-02-28 16:00:00
1145,"Trying out a new programming language, fun experience!",2025-02-28 16:00:00
1434,Classic cars have such a unique charm.,2025-02-28 16:00:00
1992,Road trips are the best part of owning a car.,2025-02-28 16:00:00
1120,"Looking for a good RPG to play, any ideas?",2024-06-17 16:48:20
1258,Cybersecurity is more important than ever these days.,2024-01-17 23:20:39
1199,Multiplayer gaming nights are the best!,2025-01-15 09:58:06
1849,What a game last night! Incredible performance.,2025-02-22 21:56:03
1271,"Thinking about upgrading my car, any suggestions?",2025-02-28 16:00:00
1191,"Just got back from an amazing trip, unforgettable experience!",2024-03-05 00:05:24
1992,"Just got back from an amazing trip, unforgettable experience!",2025-02-28 16:00:00
1789,"Can't wait for the finals, it's going to be epic.",2025-02-28 16:00:00
1277,Who else is excited for the new season?,2025-02-28 16:00:00
1316,"Looking for book recommendations, any suggestions?",2024-05-12 02:33:00
1897,"The storm last night was intense, hope everyone is safe.",2024-05-10 08:03:26
1806,"Today's weather is amazing, perfect for a walk!",2024-07-20 13:31:56
1258,"Started training for my first marathon, wish me luck!",2024-02-22 22:12:50
1277,"Looking for book recommendations, any suggestions?",2024-11-30 16:59:58
1120,"Sunny and warm, a great day to be outside!",2025-02-21 06:00:49
1204,"Finally beat the final boss, what a challenge!",2024-04-02 04:52:31
1258,"Looking for a good RPG to play, any ideas?",2025-02-28 16:00:00
1992,"The storm last night was intense, hope everyone is safe.",2025-02-28 16:00:00
1867,Classic cars have such a unique charm.,2024-08-14 00:07:53
2000,"Today's weather is amazing, perfect for a walk!",2024-02-02 04:14:20
1252,"The storm last night was intense, hope everyone is safe.",2025-02-28 16:00:00
